         1	   0.17902	  0.181101	  0.191104	  0.177134
         2	  0.171752	  0.188065	  0.181522	  0.185883
         3	  0.172119	  0.201833	  0.176846	  0.187377
         4	  0.164769	  0.182926	  0.181655	  0.187812
         5	  0.165862	  0.195924	   0.16358	   0.19306
         6	  0.168951	  0.199004	  0.176069	  0.198127
         7	  0.172872	  0.204557	  0.175768	   0.21133
         8	  0.176083	  0.197414	  0.174124	  0.212243
         9	  0.165418	  0.203793	  0.164771	  0.206723
        10	  0.138747	  0.179773	  0.136857	  0.190693
        11	  0.132334	  0.178507	  0.130654	  0.182469
        12	  0.143588	   0.18315	  0.141283	   0.18827
        13	  0.143181	   0.17317	  0.138807	  0.173244
        14	  0.122116	  0.145765	  0.117383	  0.150372
        15	  0.124598	  0.147985	  0.110359	  0.152038
        16	  0.144011	  0.157483	  0.135231	  0.161393
        17	  0.137429	  0.139223	  0.128776	  0.145766
        18	  0.129895	  0.127777	  0.111716	  0.133258
        19	  0.131757	  0.131821	  0.120046	   0.13837
        20	  0.135754	  0.132815	  0.132117	  0.140397
        21	  0.138392	    0.1396	  0.140772	  0.149437
        22	  0.121962	  0.128825	  0.122587	  0.135002
        23	  0.124943	  0.124235	  0.110683	   0.13104
        24	   0.13667	  0.137225	  0.134423	  0.140886
        25	  0.140493	  0.144785	  0.149857	  0.151648
        26	  0.123523	  0.135032	  0.133642	  0.145299
        27	  0.109199	  0.131255	  0.117567	  0.135551
        28	  0.130274	  0.142297	  0.141507	  0.146501
        29	  0.137793	  0.149065	  0.155684	  0.155691
        30	  0.117558	  0.144307	  0.135284	  0.153766
        31	  0.128598	  0.150597	  0.143148	  0.158807
        32	  0.150284	  0.169371	  0.171516	  0.181864
        33	  0.145908	  0.173007	  0.163865	  0.183743
        34	  0.124486	  0.170685	  0.150137	   0.18283
        35	  0.131127	  0.168171	  0.156178	  0.179907
        36	   0.12558	  0.169324	  0.149914	  0.175582
        37	  0.103435	  0.163964	  0.126983	  0.170138
        38	 0.0920291	  0.138246	  0.103048	  0.148135
        39	  0.105017	  0.138765	  0.110291	  0.147641
        40	 0.0953665	  0.138131	 0.0937506	  0.141725
        41	 0.0885082	  0.126252	 0.0863263	  0.126853
        42	  0.104472	  0.129402	 0.0941996	  0.137205
        43	 0.0948311	  0.142688	 0.0997731	  0.143654
        44	 0.0845908	    0.1295	 0.0855737	  0.136104
        45	  0.091646	   0.12601	 0.0834476	  0.129731
        46	 0.0992479	  0.142908	 0.0968348	  0.145794
        47	 0.0933858	  0.141781	  0.102268	  0.143629
        48	 0.0916406	  0.129025	 0.0929008	  0.130889
        49	 0.0930671	  0.141195	  0.093985	  0.140341
        50	  0.106394	  0.155195	  0.115336	  0.158448
        51	  0.111546	  0.135069	   0.11892	  0.145524
        52	  0.106435	  0.135974	  0.111831	  0.134837
        53	  0.106356	  0.152927	  0.110814	  0.156783
        54	  0.122911	  0.150216	  0.128198	   0.16032
        55	  0.122108	  0.140398	   0.12715	  0.146736
        56	  0.114925	  0.134198	  0.114117	  0.137856
        57	  0.118154	  0.141458	  0.120954	  0.146424
        58	  0.140157	  0.155552	  0.141451	  0.161973
        59	  0.147233	  0.155206	  0.153244	  0.153041
        60	  0.129801	  0.149327	  0.131139	  0.150071
        61	  0.152077	   0.16011	  0.144262	  0.158087
        62	  0.170526	  0.173567	  0.172396	  0.168205
        63	  0.186506	   0.17873	  0.198416	  0.172433
        64	  0.174726	  0.177994	  0.192361	  0.164428
        65	  0.168125	   0.16756	  0.174061	  0.156132
        66	   0.15685	  0.153306	  0.163168	   0.15142
        67	  0.157316	  0.146019	  0.185448	  0.143024
        68	  0.141237	  0.139115	   0.14774	  0.144165
        69	  0.160156	  0.160057	  0.184179	  0.163953
        70	  0.192172	  0.181029	  0.210741	  0.166244
        71	  0.145451	  0.164603	  0.167709	  0.159057
        72	  0.143782	  0.182584	    0.1611	  0.175339
        73	  0.195122	  0.210803	  0.228324	  0.204891
        74	  0.182855	  0.206811	  0.214885	  0.191394
        75	  0.153823	  0.195134	   0.17586	  0.189262
        76	  0.167482	  0.224447	  0.201384	  0.214519
        77	  0.195031	  0.264419	  0.233565	  0.251668
        78	  0.211707	  0.276108	  0.258395	  0.267508
        79	  0.217055	  0.281721	  0.259693	  0.288053
        80	  0.163564	  0.228103	  0.196255	  0.232825
        81	  0.160513	  0.209524	  0.193113	  0.207838
        82	  0.192707	  0.239692	  0.232481	  0.246035
        83	  0.175833	   0.21013	  0.212923	  0.216687
        84	  0.142434	  0.176042	  0.171522	  0.186133
        85	  0.168246	  0.200746	  0.197066	  0.200644
        86	  0.192759	  0.211442	  0.228419	  0.213594
        87	  0.158231	   0.17515	  0.208895	  0.185595
        88	  0.145416	  0.162373	  0.175271	  0.167917
        89	  0.179294	  0.183629	  0.212064	  0.193642
        90	  0.182256	  0.182748	   0.20766	  0.187235
        91	  0.162113	  0.158552	  0.203349	  0.168065
        92	  0.154055	  0.160555	  0.175937	  0.166151
        93	  0.169868	  0.189218	  0.195439	  0.194883
        94	  0.171649	  0.178665	   0.19644	  0.182269
        95	  0.146162	     0.155	  0.165799	  0.162337
        96	  0.133156	  0.142086	  0.141363	  0.145099
        97	  0.153629	  0.171634	  0.163735	  0.174135
        98	  0.168776	  0.184796	  0.186894	  0.182046
        99	  0.143012	  0.156488	  0.157071	   0.16233
       100	   0.14687	  0.153992	  0.153271	  0.160595
       101	   0.17823	  0.185604	   0.18376	  0.198951
       102	  0.181168	  0.194167	  0.194632	  0.200377
       103	  0.161967	  0.167946	  0.166339	  0.173867
       104	  0.178488	  0.175845	   0.18227	  0.189206
       105	  0.215734	  0.208286	  0.228035	  0.225207
       106	  0.212239	  0.199649	  0.221778	  0.211689
       107	  0.209598	  0.192103	  0.218125	   0.20787
       108	  0.251966	  0.223024	  0.262733	  0.234126
       109	   0.29498	  0.258265	  0.322966	  0.266748
       110	  0.266904	  0.237007	  0.285882	  0.249223
       111	  0.269431	   0.24342	  0.278985	  0.245014
       112	  0.339385	  0.287539	  0.345238	  0.288882
       113	  0.402084	  0.376128	  0.453014	  0.362405
       114	  0.383594	  0.353178	  0.451306	  0.357736
       115	  0.362773	  0.370963	  0.415563	  0.351651
       116	  0.284797	  0.293767	  0.309497	   0.29665
       117	  0.308356	  0.333822	  0.338308	  0.333009
       118	  0.357465	  0.362887	  0.390062	  0.377744
       119	  0.285024	  0.282015	   0.30106	  0.277218
       120	  0.243322	  0.258286	  0.259063	  0.260743
       121	  0.296697	  0.317417	  0.315803	  0.314446
       122	  0.324045	    0.3199	   0.33979	  0.300366
       123	  0.248559	  0.240698	  0.249786	  0.242259
       124	  0.249091	  0.274014	  0.259037	  0.264647
       125	  0.321429	  0.332174	  0.356599	  0.333046
       126	  0.296599	  0.288468	  0.317409	  0.284096
       127	  0.236707	  0.246244	  0.239904	  0.242561
       128	  0.278882	  0.306044	  0.290831	  0.289561
       129	  0.416436	  0.347618	    0.3841	   0.34074
       130	  0.298226	  0.288504	  0.333214	   0.27488
       131	  0.293549	  0.268792	  0.296164	  0.251035
       132	  0.438316	  0.364294	  0.445753	  0.319169
       133	  0.249834	  0.205259	  0.253352	  0.197345
       134	  0.217688	  0.219611	  0.202992	  0.210491
       135	  0.331173	  0.286781	  0.335007	  0.269095
       136	  0.244608	    0.2519	  0.250864	  0.228499
       137	  0.179581	  0.199919	  0.177465	  0.196939
       138	  0.202534	  0.240582	  0.205865	  0.233987
       139	  0.251658	  0.275706	  0.249146	  0.265957
       140	  0.195547	  0.202754	  0.194126	   0.22302
       141	  0.187208	  0.195303	  0.176742	  0.199246
       142	  0.250211	  0.259099	   0.24357	  0.249927
       143	  0.234324	  0.254242	  0.238299	  0.247252
       144	  0.189511	  0.194962	  0.186369	  0.199643
       145	  0.193996	  0.201669	  0.194919	  0.198443
       146	  0.252282	  0.245967	  0.245137	  0.243921
       147	  0.224339	  0.215438	  0.222069	  0.216158
       148	  0.184386	   0.18376	  0.190737	  0.184436
       149	   0.22547	  0.201818	  0.223521	  0.208528
       150	  0.254727	  0.245071	  0.260598	  0.244906
       151	  0.224977	  0.214186	  0.233788	  0.226219
       152	  0.213499	  0.204305	  0.220811	  0.212994
       153	  0.267072	  0.255945	  0.283812	  0.254097
       154	  0.301498	  0.292719	  0.322292	  0.304459
       155	  0.260441	  0.258365	  0.272035	  0.272669
       156	  0.276924	   0.27897	  0.297394	  0.284788
       157	   0.35998	  0.351574	   0.38277	  0.356215
       158	  0.347479	  0.347267	  0.373801	  0.364118
       159	   0.32783	  0.352844	  0.350369	  0.372418
       160	   0.38861	  0.457946	  0.425888	  0.450822
       161	  0.484051	  0.526643	  0.547501	  0.546423
       162	  0.753039	  0.857573	  0.999999	  0.821616
       163	  0.616242	  0.877561	  0.752476	   0.94773
       164	  0.526046	  0.700336	  0.591001	  0.676508
       165	  0.397265	  0.441219	  0.454122	  0.418633
       166	  0.407943	  0.419702	  0.471343	  0.403955
       167	  0.431232	  0.500004	  0.513315	  0.500847
       168	  0.336986	  0.384323	  0.381548	  0.383472
       169	  0.289407	  0.311816	  0.316806	  0.326212
       170	  0.389413	  0.405446	  0.452069	  0.396876
       171	  0.345399	  0.386304	  0.404491	  0.395037
       172	  0.261403	   0.29844	  0.294943	  0.300345
       173	  0.265327	  0.297686	  0.314288	  0.304108
       174	  0.345285	  0.394721	   0.43239	  0.385936
       175	  0.293246	   0.34489	   0.34885	  0.346914
       176	  0.234676	  0.276736	  0.279454	  0.289038
       177	  0.243258	  0.281406	  0.292362	  0.306187
       178	   0.18397	  0.253472	  0.222609	  0.262576
       179	  0.167157	  0.208569	  0.201705	  0.221079
       180	   0.17377	  0.210378	  0.200743	  0.231984
       181	   0.14735	  0.217651	  0.176865	  0.229671
       182	  0.114279	  0.177777	  0.142637	  0.192426
       183	  0.101244	  0.188415	  0.130239	  0.183853
       184	  0.106779	  0.177966	   0.14228	  0.194575
       185	  0.131816	  0.224569	  0.176344	  0.223434
       186	  0.145706	  0.236092	   0.18667	  0.222136
       187	  0.323236	   0.27879	  0.337885	  0.283301
       188	   0.17375	  0.225566	   0.22633	  0.236634
       189	  0.206455	  0.229231	  0.265306	  0.233207
       190	  0.128912	  0.184171	   0.16211	  0.194254
       191	  0.110834	  0.170192	  0.147034	  0.185379
       192	   0.11739	  0.171593	  0.164595	  0.176861
       193	  0.094771	  0.151454	  0.117644	  0.163219
       194	 0.0794745	  0.142073	  0.107049	  0.152836
       195	 0.0853569	  0.153355	  0.116634	  0.161924
       196	 0.0840071	   0.15546	  0.120073	  0.169588
       197	  0.087652	  0.146043	  0.118358	  0.157893
       198	 0.0771961	   0.13158	 0.0921932	  0.140435
       199	 0.0745695	  0.132068	 0.0978632	  0.143734
       200	 0.0921701	  0.135024	  0.101619	  0.143423
       201	 0.0843666	  0.127293	  0.120956	  0.138437
       202	 0.0710346	  0.118058	 0.0939791	  0.130173
       203	 0.0639135	   0.12275	 0.0780249	  0.123389
       204	  0.062326	   0.11614	 0.0762417	  0.122986
       205	 0.0763613	  0.111882	 0.0742422	  0.111072
       206	 0.0640519	  0.114893	 0.0728088	  0.113907
       207	 0.0698973	  0.115136	 0.0747905	   0.11914
       208	 0.0801799	   0.11574	 0.0791301	   0.11262
       209	 0.0843966	  0.110051	 0.0853204	   0.11215
       210	 0.0878961	  0.116875	 0.0949217	  0.118721
       211	 0.0932308	  0.116616	 0.0951186	  0.115959
       212	 0.0882464	  0.114486	 0.0888199	  0.120493
       213	 0.0889502	  0.118394	  0.100579	  0.119989
       214	 0.0970934	  0.118106	  0.106821	  0.125373
       215	  0.121609	  0.120398	   0.11519	  0.122832
       216	  0.115302	   0.12241	  0.117468	  0.124152
       217	  0.123672	  0.130957	  0.143995	  0.133555
       218	  0.129072	  0.135804	  0.134776	  0.138755
       219	  0.107959	   0.14062	  0.117815	  0.141581
       220	  0.130911	  0.141151	  0.126449	  0.145876
       221	  0.158496	  0.149821	   0.15121	  0.147149
       222	  0.135838	  0.160599	  0.131695	  0.156325
       223	  0.129124	  0.158811	  0.125032	  0.160426
       224	  0.147008	  0.166084	  0.139014	  0.162246
       225	  0.153108	  0.181412	  0.145192	  0.178221
       226	  0.161577	  0.177619	  0.152244	  0.176424
       227	  0.163375	  0.170625	  0.156471	  0.167763
       228	   0.14476	  0.163685	  0.135737	  0.172013
       229	  0.159864	  0.175272	  0.152107	  0.178305
       230	   0.16361	  0.188038	  0.147406	  0.181673
       231	  0.138241	  0.172233	  0.131999	  0.176064
       232	  0.127053	  0.165541	  0.121512	  0.176235
       233	  0.144161	   0.18437	  0.150372	   0.19236
       234	  0.135159	   0.18023	  0.137133	  0.188569
       235	  0.111053	  0.163282	  0.107893	  0.172475
       236	  0.123949	  0.180377	  0.124598	   0.18879
       237	  0.138684	  0.190664	  0.142424	  0.201936
       238	  0.126006	  0.172504	  0.120148	  0.179075
       239	  0.109422	  0.161521	  0.108804	  0.169833
       240	  0.131156	  0.187538	  0.138989	  0.196947
       241	  0.141621	  0.173595	  0.138031	  0.181974
       242	   0.11565	  0.146047	  0.109996	  0.152349
       243	  0.134443	  0.159887	  0.137487	  0.174709
       244	  0.180836	  0.162181	  0.175815	  0.169829
       245	  0.132633	  0.138826	  0.128178	  0.151567
       246	  0.134857	  0.139895	  0.136002	   0.15013
       247	  0.162091	  0.158201	  0.172928	  0.168802
       248	  0.163577	  0.157179	  0.170172	  0.163824
       249	  0.132589	  0.141213	  0.136416	  0.146442
       250	  0.126841	  0.139482	  0.138719	  0.153192
       251	  0.150129	   0.16197	   0.16764	  0.171827
       252	  0.171282	  0.174064	  0.180686	  0.180477
       253	   0.15361	  0.165833	  0.168492	  0.174436
       254	   0.16636	  0.186877	  0.185927	  0.198156
       255	  0.201242	  0.214546	  0.217266	  0.219047
       256	  0.204583	   0.20866	   0.22344	  0.219792
       257	   0.20418	  0.215643	  0.226076	  0.230183
       258	  0.237929	  0.263168	  0.266278	  0.264444
       259	  0.274506	  0.286793	  0.303473	  0.292707
       260	  0.284314	  0.282548	  0.306145	  0.287956
       261	  0.306257	  0.312085	  0.364682	  0.311911
       262	   0.36951	  0.379334	  0.445583	  0.392823
       263	  0.519535	   0.49615	  0.596408	  0.525518
       264	  0.529105	  0.564491	    0.6575	  0.601491
       265	  0.426788	   0.42465	   0.46902	  0.450194
       266	  0.424885	  0.405005	   0.47534	  0.425444
       267	  0.546309	  0.584332	  0.639365	  0.589223
       268	  0.552719	  0.577022	  0.620126	  0.558243
       269	  0.483437	  0.422181	  0.510137	  0.449131
       270	  0.640979	   0.57055	  0.682807	   0.58517
       271	  0.699679	  0.737105	  0.895038	  0.695025
       272	  0.513561	  0.519552	  0.602189	  0.504152
       273	  0.407437	  0.367007	  0.442136	  0.370201
       274	  0.455903	  0.396787	  0.478826	  0.401093
       275	  0.393249	    0.3419	  0.408266	  0.348886
       276	  0.287041	  0.264949	  0.309539	   0.27102
       277	   0.27799	   0.26035	   0.29667	  0.260222
       278	  0.223713	  0.215737	  0.245965	  0.221542
       279	  0.236641	  0.238876	  0.266437	  0.235468
       280	  0.222517	  0.229961	  0.269262	  0.237472
       281	   0.26913	  0.255706	  0.308622	  0.243001
       282	  0.216014	  0.216846	  0.241596	  0.211834
       283	  0.173416	  0.176268	  0.198204	  0.185807
       284	  0.155951	  0.158017	  0.169919	  0.173149
       285	   0.19035	  0.182267	  0.206543	  0.194802
       286	  0.182377	  0.174179	  0.195869	  0.193171
       287	  0.176559	  0.171239	  0.184363	  0.182866
       288	  0.203948	  0.186403	  0.212646	  0.201624
       289	  0.238746	   0.21535	  0.247096	  0.226181
       290	  0.233457	  0.214398	  0.235018	  0.224583
       291	  0.246289	  0.220884	  0.249028	  0.223701
       292	  0.287287	    0.2562	  0.302309	  0.258417
       293	  0.323806	  0.276965	  0.323319	  0.285705
       294	  0.302682	  0.286049	  0.319659	  0.288193
       295	  0.399177	  0.376898	  0.426257	  0.379944
       296	  0.587557	  0.523784	  0.764006	  0.513993
       297	  0.559036	  0.524777	  0.554764	  0.484773
       298	  0.341597	   0.37633	  0.352545	  0.345883
       299	  0.307982	  0.297471	   0.30934	  0.295545
       300	  0.331008	   0.31707	  0.339974	   0.31676
       301	   0.31128	  0.301612	  0.318478	  0.310295
       302	   0.24605	  0.241372	  0.249252	   0.23806
       303	   0.25215	  0.227014	  0.244032	  0.235833
       304	  0.278871	  0.257193	  0.289418	  0.259911
       305	  0.242288	  0.223515	  0.231923	  0.228988
       306	   0.19606	   0.18436	  0.194033	  0.189169
       307	  0.230998	  0.203726	  0.221549	   0.21469
       308	  0.218702	  0.206909	  0.225398	  0.209277
       309	  0.181161	  0.166779	  0.178835	  0.171351
       310	  0.171478	  0.163587	  0.170043	  0.172769
       311	  0.201718	    0.1905	  0.210882	  0.197657
       312	  0.184098	   0.17705	   0.18558	  0.177179
       313	  0.159293	  0.147334	  0.160542	  0.156155
       314	  0.171883	  0.169241	   0.17217	  0.179807
       315	   0.20342	  0.191083	  0.202984	  0.195963
       316	  0.179402	   0.16422	  0.192082	  0.166152
       317	  0.162897	  0.160694	  0.171421	   0.16439
       318	   0.18809	  0.193283	  0.192091	  0.204628
       319	  0.209815	  0.205397	  0.219954	  0.203671
       320	  0.188733	  0.170803	  0.192125	    0.1718
       321	  0.177027	  0.192684	  0.197212	   0.19909
       322	  0.215661	  0.256397	  0.232898	  0.243899
       323	  0.230785	  0.225189	  0.244923	  0.215378
       324	  0.192428	  0.211676	  0.205142	  0.198842
       325	  0.221494	  0.276907	  0.239982	  0.264691
       326	  0.275499	  0.337706	  0.298725	  0.298596
       327	  0.263594	  0.273362	  0.270502	  0.261114
       328	   0.21922	  0.283996	  0.244504	  0.251645
       329	  0.258778	  0.337001	  0.287597	  0.319558
       330	  0.327368	  0.425183	  0.344356	  0.384981
       331	   0.36313	  0.391854	  0.380449	  0.348266
       332	  0.359415	  0.392254	  0.380642	  0.336903
       333	  0.401174	  0.523837	  0.448163	  0.474735
       334	  0.508661	  0.558696	  0.559412	   0.54901
       335	  0.572507	  0.616457	  0.630686	   0.60482
       336	  0.558815	  0.470175	  0.614683	  0.453525
       337	   0.64763	  0.448947	  0.668694	  0.453307
       338	  0.625102	  0.504044	  0.600326	  0.475525
       339	  0.708769	  0.454621	  0.677072	  0.408704
       340	  0.624433	  0.370006	  0.599079	  0.354801
       341	  0.694012	  0.481001	    0.7751	  0.407598
       342	  0.557294	  0.479511	   0.54419	  0.435122
       343	  0.423127	  0.379189	   0.40883	  0.338475
       344	  0.402828	  0.342249	  0.399385	  0.314384
       345	  0.467634	    0.4723	  0.511368	  0.441772
       346	  0.382613	  0.435068	  0.399585	  0.416647
       347	  0.311765	  0.354697	  0.317546	   0.33344
       348	   0.30601	  0.370841	  0.319335	  0.337748
       349	  0.350817	  0.435066	  0.368325	  0.427899
       350	  0.282197	  0.343315	  0.301489	  0.340639
       351	  0.242019	  0.299844	  0.255428	  0.286419
       352	  0.285519	  0.347152	  0.300101	  0.336508
       353	  0.339183	  0.349355	  0.347937	  0.360802
       354	  0.238868	  0.266691	  0.245813	  0.271246
       355	  0.230089	  0.267777	  0.243767	  0.264365
       356	  0.285244	  0.328049	  0.309275	  0.323178
       357	  0.262928	  0.288269	  0.286824	  0.296013
       358	  0.209767	  0.237019	  0.226957	  0.243518
       359	  0.243481	  0.274694	  0.258686	  0.283888
       360	  0.283275	  0.326325	  0.326485	  0.332938
       361	  0.246365	  0.269134	   0.29217	  0.267549
       362	  0.211109	  0.229076	  0.232289	  0.243665
       363	  0.241733	  0.263018	  0.266686	  0.270386
       364	  0.271943	  0.269601	  0.297178	  0.269522
       365	  0.201289	  0.205907	    0.2187	  0.210431
       366	  0.234835	  0.241359	  0.269138	  0.243901
       367	  0.312356	  0.273413	  0.372924	  0.270821
       368	  0.206185	  0.198536	   0.23155	  0.204071
       369	  0.180418	   0.18428	  0.201885	  0.189411
       370	  0.131883	  0.154189	  0.156181	  0.162173
       371	  0.128694	  0.147494	  0.142637	   0.15184
       372	  0.110287	  0.130153	  0.115663	  0.140317
       373	  0.118151	  0.142858	  0.115248	  0.152226
       374	  0.130145	  0.145759	  0.146814	  0.157079
       375	   0.12281	  0.132728	  0.115709	  0.143727
       376	 0.0925269	  0.129826	 0.0980826	  0.137398
       377	  0.101887	  0.143674	  0.109457	  0.150153
       378	  0.115301	  0.148919	  0.133588	  0.155501
       379	  0.102933	   0.13669	  0.110588	    0.1398
       380	 0.0760389	  0.137931	 0.0938236	   0.14182
       381	 0.0954974	  0.159117	   0.11394	  0.158045
       382	 0.0943767	  0.147752	  0.115056	  0.154894
       383	 0.0760292	  0.131542	 0.0924411	  0.135142
       384	 0.0682648	  0.132826	  0.091057	  0.141604
       385	 0.0789836	  0.145967	  0.106232	   0.15036
       386	 0.0866294	  0.142049	  0.105178	  0.147846
       387	 0.0847856	  0.126929	  0.104928	  0.131628
       388	 0.0842351	  0.127135	  0.105272	  0.134057
       389	 0.0926685	  0.141184	  0.112385	  0.147559
       390	   0.10245	  0.133812	  0.110888	  0.139437
       391	   0.11659	  0.124805	  0.111284	  0.132768
       392	   0.11606	  0.138649	  0.130793	  0.144272
       393	  0.119421	  0.156038	  0.135846	  0.159419
       394	  0.116325	  0.144827	  0.134859	  0.152061
       395	  0.123706	  0.147501	  0.144276	  0.149149
       396	  0.127558	  0.154343	  0.140607	  0.160492
       397	  0.152987	  0.184761	  0.169698	  0.181296
       398	  0.149902	  0.188656	  0.164638	  0.189988
       399	  0.133729	  0.175096	  0.149436	  0.176778
       400	   0.15422	  0.220953	  0.174909	  0.214051
       401	  0.165534	  0.236982	  0.193319	  0.230699
       402	  0.183278	  0.271211	  0.212923	  0.243398
       403	  0.142709	  0.204249	  0.171939	  0.196528
       404	  0.120838	  0.195512	  0.144534	   0.17893
       405	   0.15213	  0.228988	  0.177714	  0.214015
       406	   0.15963	  0.220923	  0.181543	  0.208685
       407	   0.11643	  0.177553	  0.142637	  0.169258
       408	  0.109687	  0.186178	  0.134802	  0.176875
       409	  0.146074	   0.21836	  0.167358	  0.212959
       410	  0.149307	  0.205705	  0.183758	  0.189468
       411	  0.104158	  0.183574	  0.132473	  0.173916
       412	  0.126109	  0.202435	  0.163666	  0.196433
       413	  0.186332	  0.239271	  0.250517	  0.220117
       414	  0.117514	   0.19392	  0.153491	  0.184938
       415	 0.0999136	    0.1814	  0.129553	  0.176772
       416	  0.148563	  0.217192	  0.186448	  0.213233
       417	  0.197472	  0.239516	   0.24988	  0.212894
       418	  0.115298	   0.19172	  0.152335	  0.190505
       419	  0.123733	  0.185909	  0.166093	  0.191412
       420	  0.216706	  0.262746	  0.276348	  0.244201
       421	  0.277456	  0.258835	  0.262351	  0.250396
       422	  0.231144	  0.271058	  0.234197	  0.276326
       423	  0.141992	  0.232191	     0.183	  0.222046
       424	  0.149681	  0.220888	  0.174047	  0.222412
       425	  0.115983	  0.182395	  0.133383	   0.18126
       426	  0.104725	  0.163327	  0.128943	  0.166341
       427	 0.0763586	  0.150144	  0.101202	   0.15493
       428	 0.0671543	  0.134232	 0.0872067	  0.140899
       429	 0.0666967	  0.142654	 0.0873295	  0.141775
       430	 0.0711993	  0.149362	 0.0893166	  0.150142
       431	 0.0624543	  0.143236	 0.0863998	  0.144214
       432	 0.0643314	  0.131906	 0.0783329	  0.127889
       433	 0.0680213	  0.129208	 0.0840501	  0.130399
       434	 0.0691452	  0.143201	 0.0959968	  0.141802
       435	  0.067583	  0.129602	 0.0892775	  0.133119
       436	 0.0828349	  0.122626	  0.101301	  0.122647
       437	 0.0982103	  0.135403	  0.119011	  0.131979
       438	 0.0876568	   0.14089	   0.11137	  0.140309
       439	 0.0895806	  0.130522	  0.115956	  0.132209
       440	  0.131852	   0.13094	  0.153818	  0.131038
       441	  0.123207	  0.150925	  0.155058	  0.155748
       442	  0.120014	  0.161196	  0.143099	   0.15786
       443	  0.120947	  0.147791	  0.138338	  0.143279
       444	  0.156181	  0.166731	  0.191481	  0.158752
       445	  0.166047	  0.190382	  0.200892	  0.192046
       446	  0.156867	  0.207907	  0.176136	    0.1889
       447	   0.16318	  0.196322	  0.179255	  0.183793
       448	  0.201031	  0.230908	  0.244208	  0.223118
       449	  0.210527	  0.274093	  0.248395	    0.2706
       450	   0.20938	  0.276838	  0.241929	  0.258508
       451	  0.278203	  0.341419	  0.310026	  0.342067
       452	   0.27819	  0.340612	  0.309798	  0.328317
       453	  0.229124	  0.267815	   0.25242	  0.239009
       454	  0.209544	  0.228805	  0.235524	  0.229345
       455	  0.200385	  0.242723	  0.227042	  0.245731
       456	  0.260113	  0.293895	  0.306986	  0.283131
       457	  0.226495	  0.258321	  0.252097	  0.230192
       458	  0.183879	    0.2117	  0.204185	  0.203656
       459	  0.166721	  0.184238	  0.182212	  0.176278
       460	    0.1954	  0.187337	  0.219737	  0.184248
       461	  0.200108	  0.202336	  0.220962	  0.189371
       462	  0.177032	  0.177665	  0.189062	  0.172644
       463	  0.205585	  0.198846	  0.214182	  0.186215
       464	  0.210062	  0.198319	   0.22282	  0.190705
       465	  0.186392	  0.177593	  0.189389	  0.170219
       466	  0.160184	  0.167463	  0.160732	  0.165693
       467	  0.220014	  0.192644	   0.18851	  0.180657
       468	  0.177402	  0.187242	  0.164746	  0.182653
       469	   0.21777	  0.212025	    0.2099	  0.204372
       470	  0.289425	  0.282408	  0.320445	  0.255069
       471	  0.232024	  0.291274	  0.240662	  0.266883
       472	   0.16764	  0.218195	  0.167176	   0.21566
       473	  0.199276	   0.23565	  0.200958	  0.223012
       474	  0.271923	  0.330943	  0.318453	  0.300896
       475	  0.194259	  0.285157	  0.206434	  0.264472
       476	  0.149684	  0.212857	  0.164185	  0.213207
       477	   0.21939	  0.244975	  0.250054	  0.242166
       478	  0.237032	  0.349005	   0.25615	  0.287011
       479	  0.156379	  0.232845	  0.173726	  0.218574
       480	  0.160765	   0.19728	  0.190034	  0.210095
       481	  0.271871	  0.273816	  0.380575	  0.259745
       482	  0.209837	  0.272204	  0.240703	   0.24018
       483	  0.182642	  0.193621	  0.195389	  0.189017
       484	   0.19311	  0.207706	  0.251198	  0.217886
       485	  0.309332	  0.289187	  0.438296	  0.261044
       486	  0.235131	   0.22954	  0.261092	  0.226858
       487	   0.16232	  0.198333	  0.196346	  0.205496
       488	  0.243158	  0.260756	  0.338831	  0.250003
       489	  0.277643	  0.291985	   0.34247	  0.278676
       490	  0.200681	  0.251727	   0.25662	  0.267571
       491	  0.177268	  0.267869	  0.222762	  0.268367
       492	  0.318166	  0.366806	  0.369243	  0.362745
       493	  0.264652	  0.390236	  0.348378	  0.385553
       494	  0.213544	  0.372353	  0.276159	  0.379426
       495	  0.347717	  0.484959	  0.430712	  0.473161
       496	  0.526742	  0.437762	   0.58014	  0.405016
       497	  0.449765	  0.441213	  0.451891	  0.421334
       498	  0.589268	  0.691128	  0.572023	  0.615122
       499	  0.449094	  0.489769	  0.463564	  0.503475
       500	  0.369616	  0.365787	  0.349833	  0.364508
       501	  0.360758	  0.352682	  0.352718	    0.3685
       502	  0.335509	  0.310554	  0.321925	  0.331034
       503	  0.322671	  0.273292	  0.301911	  0.289698
       504	  0.323662	  0.286183	  0.298813	  0.291319
       505	  0.274332	  0.238918	  0.249223	  0.258368
       506	  0.240495	  0.211675	  0.214336	  0.222374
       507	  0.258783	  0.212514	  0.225197	   0.22222
       508	  0.261017	  0.204804	   0.22115	  0.203653
       509	  0.216143	  0.165917	  0.180101	    0.1688
       510	  0.208973	  0.159234	  0.162213	  0.163365
       511	  0.240929	  0.170914	  0.194699	   0.17442
       512	  0.228339	  0.151564	   0.18282	  0.160874
       513	  0.201134	  0.134213	  0.147913	  0.138179
       514	  0.202283	  0.137244	  0.152808	  0.143394
       515	  0.201331	  0.136941	  0.157513	  0.144133
       516	  0.193916	   0.14197	   0.15729	  0.151873
       517	  0.166067	  0.129664	   0.13159	   0.13561
       518	  0.171883	  0.124205	  0.121919	  0.131567
       519	  0.188503	  0.138312	   0.14648	   0.14214
       520	   0.18383	  0.144805	  0.155366	  0.152272
       521	  0.158037	  0.134491	  0.134293	  0.144467
       522	  0.142983	   0.12955	  0.117514	  0.134447
       523	   0.16667	   0.14102	  0.141408	  0.145908
       524	  0.168086	  0.148338	  0.151808	   0.15513
       525	   0.14252	  0.142265	  0.130214	  0.152441
       526	  0.157353	  0.148687	  0.138554	  0.157617
       527	  0.177157	  0.168158	  0.164321	  0.181447
       528	  0.167293	   0.17226	  0.157233	  0.184552
       529	  0.145544	  0.169096	  0.143722	  0.181854
       530	  0.158637	  0.167347	  0.152163	  0.179021
